Ticker,Company Name,Asset Type,Exchange,Country,Sector,Industry,Market Cap (USD),Website,Primary Theme,Secondary Theme,Approval Date,Confidence,Next Review,Current Price,Trend Score,Momentum Score,Risk Rating,Opportunity Score,Signal,Allocation %,Analyst Notes
TSM,Taiwan Semiconductor Manufacturing,equity,NYSE,Taiwan,Technology,Semiconductors,700000000000,https://tsmc.com,Semiconductors,AI Infrastructure,2025-05-20,HIGH,2025-08-20,178.52,0.72,0.58,moderate,62.4,BUY,12,"World's largest foundry. >90% market share in advanced nodes (<7nm). AI training demand drives structural growth. Arizona fab reduces geopolitical concentration. Pricing power intact."
ASML,ASML Holding,equity,EURONEXT,Netherlands,Technology,Semiconductor Equipment,350000000000,https://asml.com,Semiconductors,,2025-05-20,HIGH,2025-08-20,924.30,0.61,0.45,moderate,55.8,BUY,10,"Sole manufacturer of EUV lithography machines. Monopoly position with 5-year order backlog. Every advanced chip requires ASML equipment. No competitor within a decade."
HLAL,Wahed FTSE USA Shariah ETF,etf,NASDAQ,US,Multi-Sector,Sharia-Compliant ETF,500000000,https://wahedinvest.com,Halal Finance,,2025-05-20,HIGH,2025-11-20,42.15,0.44,0.38,low,48.2,HOLD,15,"Core Sharia-compliant US equity exposure. Tracks FTSE USA Shariah Index. Low-cost diversification anchor. Pre-screened by Wahed. Expense ratio 0.50%."
SPUS,SP Funds S&P 500 Sharia ETF,etf,NYSE,US,Multi-Sector,Sharia-Compliant ETF,800000000,https://spfunds.com,Halal Finance,,2025-05-19,HIGH,2025-11-19,34.82,0.48,0.42,low,50.1,HOLD,8,"Sharia-compliant S&P 500 tracker. Broader than HLAL. Lower expense ratio (0.45%). Good complement for US large-cap exposure without stock-picking risk."
1211.HK,BYD Company,equity,HKEX,China,Consumer Discretionary,Electric Vehicles & Batteries,100000000000,https://byd.com,Battery Technology,Clean Energy,2025-05-18,MEDIUM,2025-08-18,293.80,0.35,0.29,elevated,41.6,HOLD,5,"Global #1 EV manufacturer by volume. Vertically integrated (batteries + chips + vehicles). Strong China domestic market. Geopolitical risk accepted at small position size."
AMD,Advanced Micro Devices,equity,NASDAQ,US,Technology,Semiconductors,200000000000,https://amd.com,Semiconductors,AI Infrastructure,2025-05-19,HIGH,2025-08-19,162.30,0.52,0.45,moderate,56.2,BUY,7,"CPU/GPU competitor gaining share from Intel. MI300 AI accelerator gaining traction with hyperscalers. Data centre revenue growing 80%+ YoY. No Israel operations."
AVGO,Broadcom Inc,equity,NASDAQ,US,Technology,Semiconductors,600000000000,https://broadcom.com,Semiconductors,AI Infrastructure,2025-05-19,HIGH,2025-08-19,178.50,0.58,0.50,moderate,57.8,BUY,7,"Custom AI chips (TPU for Google, ASIC for Meta). VMware acquisition adds enterprise software recurring revenue. Networking dominance (Memory/Ethernet for AI clusters)."
CRWD,CrowdStrike Holdings,equity,NASDAQ,US,Technology,Cybersecurity,75000000000,https://crowdstrike.com,Cybersecurity,AI Infrastructure,2025-05-19,HIGH,2025-08-19,355.20,0.62,0.52,moderate,58.2,BUY,7,"Cloud-native endpoint security leader. AI-driven threat detection (Charlotte AI). 97%+ gross retention rate. Non-discretionary spend grows regardless of economy."
PANW,Palo Alto Networks,equity,NASDAQ,US,Technology,Cybersecurity,115000000000,https://paloaltonetworks.com,Cybersecurity,,2025-05-19,HIGH,2025-08-19,185.60,0.52,0.44,moderate,54.5,BUY,5,"Network security platform consolidation leader. Prisma Cloud + Cortex XSIAM. Platformisation strategy drives cross-sell. Strong enterprise demand."
LLY,Eli Lilly and Company,equity,NYSE,US,Healthcare,Pharmaceuticals,750000000000,https://lilly.com,Healthcare,,2025-05-19,HIGH,2025-08-19,820.40,0.55,0.48,moderate,55.0,BUY,8,"GLP-1 leader (Mounjaro/Zepbound). Obesity market $100B+ TAM. Pipeline includes Alzheimer's (donanemab). Premium valuation justified by 20%+ revenue growth."
NOVO-B,Novo Nordisk,equity,CPH,Denmark,Healthcare,Pharmaceuticals,600000000000,https://novonordisk.com,Healthcare,,2025-05-19,HIGH,2025-08-19,128.50,-0.15,-0.22,moderate,38.5,HOLD,5,"GLP-1 pioneer (Ozempic/Wegovy). In price correction but fundamentals intact. Supply constraints easing. Obesity market share leader. Hold through correction."
JNJ,Johnson & Johnson,equity,NYSE,US,Healthcare,Pharmaceuticals & Medical Devices,380000000000,https://jnj.com,Healthcare,,2025-05-18,HIGH,2025-11-18,155.80,0.32,0.25,low,45.2,HOLD,5,"Defensive healthcare conglomerate. Pharma (immunology, oncology) + MedTech. Low volatility anchor. Conservative balance sheet. Dividend aristocrat."
ABB,ABB Ltd,equity,NYSE,Switzerland,Industrials,Industrial Automation,95000000000,https://abb.com,Industrial Automation,Robotics,2025-05-18,HIGH,2025-08-18,52.80,0.42,0.35,low,49.5,HOLD,6,"Global automation leader. Robotics + electrification + process automation. Swiss quality. Defensive industrial with secular automation tailwind. Well-diversified geographically."
FANUY,Fanuc Corporation,equity,OTC,Japan,Industrials,Robotics & CNC,32000000000,https://fanuc.co.jp,Robotics,Industrial Automation,2025-05-17,HIGH,2025-08-17,15.20,0.32,0.25,low,44.8,HOLD,4,"Japanese factory automation leader. CNC systems + industrial robots. Conservative management. Net cash balance sheet. Japan exposure provides diversification."
2222.SR,Saudi Aramco,equity,TADAWUL,Saudi Arabia,Energy,Oil & Gas,1800000000000,https://aramco.com,Oil & Gas,Energy Infrastructure,2025-05-20,HIGH,2025-11-20,8.25,0.32,0.28,low,42.0,HOLD,8,"World's largest oil producer. Lowest production cost globally. Sharia-compliant structure. 4%+ dividend yield. Energy security theme. Stable cash flows."
ADNOC,ADNOC Distribution,equity,ADX,UAE,Energy,Oil & Gas Distribution,12000000000,https://adnocdistribution.ae,Oil & Gas,,2025-05-18,HIGH,2025-11-18,3.85,0.28,0.22,low,40.5,HOLD,4,"UAE state energy distributor. 500+ fuel stations. Stable regulated returns. 4.5% dividend yield. GCC diversification. Conservative balance sheet."
QISMUT,Qatar Islamic Bank,equity,QSE,Qatar,Financials,Islamic Banking,15000000000,https://qib.com.qa,Islamic Banking,Halal Finance,2025-05-19,HIGH,2025-11-19,5.20,0.35,0.28,low,43.2,HOLD,5,"Largest Islamic bank in Qatar. Zero interest-based revenue (pure Islamic). Strong capital ratios. GCC economic diversification beneficiary. 3.5% dividend."
ADIB,Abu Dhabi Islamic Bank,equity,ADX,UAE,Financials,Islamic Banking,12000000000,https://adib.ae,Islamic Banking,Halal Finance,2025-05-19,HIGH,2025-11-19,12.80,0.38,0.30,low,44.0,HOLD,4,"Full Islamic bank. UAE regulated. Strong retail franchise. Digital transformation underway. Conservative risk management. 4% dividend yield."
NEE,NextEra Energy,equity,NYSE,US,Utilities,Renewable Energy,155000000000,https://nexteraenergy.com,Clean Energy,Energy Infrastructure,2025-05-18,HIGH,2025-08-18,78.90,0.42,0.35,low,46.8,HOLD,5,"Largest US renewable energy generator (wind + solar). Regulated utility provides earnings stability. Data centre power demand is new growth driver."
CATL,CATL (300750.SZ),equity,SZSE,China,Technology,Battery Manufacturing,150000000000,https://catl.com,Battery Technology,Clean Energy,2025-05-16,MEDIUM,2025-08-16,48.20,0.38,0.30,elevated,40.2,HOLD,4,"World's largest battery manufacturer. 37% global market share. Supplies Tesla, BMW, Mercedes. Sodium-ion and solid-state R&D. China geopolitical risk noted."
XOM,Exxon Mobil,equity,NYSE,US,Energy,Oil & Gas,480000000000,https://exxonmobil.com,Oil & Gas,Energy Infrastructure,2025-05-18,HIGH,2025-11-18,108.20,0.38,0.30,moderate,43.5,HOLD,5,"Integrated oil major. Pioneer Basin dominance. Strong free cash flow. Passes AAOIFI ratios (debt/assets 18%). Energy security positioning."
COST,Costco Wholesale,equity,NASDAQ,US,Consumer Staples,Retail,350000000000,https://costco.com,,,2025-05-18,HIGH,2025-11-18,920.40,0.48,0.40,low,47.5,HOLD,4,"Membership retail model. Defensive consumer staple. Alcohol revenue below 5% de minimis threshold (passes). Consistent same-store sales growth. Low volatility."
